name,birth_rate_per_1000,cell_phones_per_100
Brazil,16.405,90.01936334        
Canada,10.625,70.70997244       
Chile,15.04,97.01862561       
China,13.536,55.97490921       
Colombia,20.605,92.34584564        
Ecuador,20.989,92.84925653      
Egypt,24.83,69.43661504      